[
  {
    "ClassName": "Character",
    "DefName": "SimplePlayer",
    "SubEntities": [
      {
        "DefName": "SimpleTurret",
        "Offset": {
          "x": 0,
          "y": 1,
          "z": 0
        }
      },
      {
        "DefName": "HPBar"
      }
    ],
    "Comps": [
      {
        "ClassName": "Move",
        "DefName": "SimpleMove",
        "MaxSpeed": 5
      },
      {
        "ClassName": "KeyMove",
        "DefName": "SimpleKeyMove"
      },
      {
        "ClassName": "SpriteRenderer",
        "MaterialPath": "Assets/GameAssets/Materials/HitFlash2.mat",
        "GraphicsPath": "Assets/GameAssets/Graphics/Test/简单角色.png"
      },
      {
        "ClassName": "BoxCollider2D"
      },
      {
        "ClassName": "Rigidbody2D"
      },
      {
        "ClassName": "Health",
        "MaxHP": 100.0
      }
    ]
  }, /////////////////////////////////////////////////////////////////////////////////////////////////////////////
  {
    "ClassName": "Character",
    "DefName": "SimpleEnemy",
    "SubEntities": [
      {
        "DefName": "SimpleTurret",
        "Offset": {
          "x": 0,
          "y": 1,
          "z": 0
        }
      },
      {
        "DefName": "HPBar"
      }
    ],
    "Comps": [
      {
        "ClassName": "Move",
        "DefName": "SimpleMove",
        "MaxSpeed": 2
      },
      {
        "ClassName": "SpriteRenderer",
        "MaterialPath": "Assets/GameAssets/Materials/HitFlash2.mat",
        "GraphicsPath": "Assets/GameAssets/Graphics/Test/简单角色.png"
      },
      {
        "ClassName": "BoxCollider2D"
      },
      {
        "ClassName": "Rigidbody2D"
      },
      {
        "ClassName": "Health",
        "MaxHP": 100.0
      },
      {
        "ClassName": "Agent",
        "AlertRange": 4
      }
    ]
  }, /////////////////////////////////////////////////////////////////////////////////////////////////////////////
  {
    "ClassName": "Character",
    "DefName": "SimpleAIPlayer",
    "SubEntities": [
      {
        "DefName": "SimpleTurret",
        "Offset": {
          "x": 0,
          "y": 1,
          "z": 0
        }
      },
      {
        "DefName": "HPBar"
      }
    ],
    "Comps": [
      {
        "ClassName": "Move",
        "DefName": "SimpleMove",
        "MaxSpeed": 2
      },
      {
        "ClassName": "SpriteRenderer",
        "MaterialPath": "Assets/GameAssets/Materials/HitFlash2.mat",
        "GraphicsPath": "Assets/GameAssets/Graphics/Test/简单角色.png"
      },
      {
        "ClassName": "BoxCollider2D"
      },
      {
        "ClassName": "Rigidbody2D"
      },
      {
        "ClassName": "Health",
        "MaxHP": 100.0
      },
      {
        "ClassName": "Agent",
        "AlertRange": 4
      }
    ]
  }
]