[
  {
    "ClassName": "Part",
    "DefName": "SimplePart",
    "ConnAreaDef": "LRTD",
    "Comps": [
      {
        "ClassName": "SpriteRenderer",
        "Pivot": {
          "X": 0.5,
          "Y": 0.5
        },
        "GraphicsPath": "Assets/GameAssets/Graphics/Test/1×1普通砖块.png"
      },
      {
        "ClassName": "BoxCollider2D"
      }
    ]
  },
  {
    "ClassName": "Part",
    "DefName": "SimplePart2",
    "ConnAreaDef": "LRTD",
    "Comps": [
      {
        "ClassName": "SpriteRenderer",
        "Pivot": {
          "X": 0.5,
          "Y": 0.5
        },
        "GraphicsPath": "Assets/GameAssets/Graphics/Test/2×2普通砖块.png"
      },
      {
        "ClassName": "BoxCollider2D"
      }
    ]
  },
  {
    "ClassName": "Part",
    "DefName": "SimplePart3",
    "ConnAreaDef": "LRTD",
    "Comps": [
      {
        "ClassName": "SpriteRenderer",
        "Pivot": {
          "X": 0.5,
          "Y": 0.5
        },
        "GraphicsPath": "Assets/GameAssets/Graphics/Test/3×3普通砖块.png"
      },
      {
        "ClassName": "BoxCollider2D"
      }
    ]
  }
]