[
  {
    "ClassName": "HPBar",
    "DefName": "HPBar",
    "PrefebPath": "Assets/GameAssets/Prefabs/HPBar.prefab"
  },
  {
    "ClassName": "MeleeWeapon",
    "DefName": "SimpleMeleeWeapon",
    "AttackRange": 2,
    "Damage": 1,
    "PrefebPath": "Assets/GameAssets/Prefabs/木棍.prefab",
    "Comps": [
      {
        "ClassName": "MouseAim"
      }
    ]
  },
  {
    "ClassName": "Turret",
    "DefName": "SimpleTurret",
    "Cooldown": 0.1,
    "ProjectileName": "SimpleBullet",
    "AttackRange": 5,
    "Comps": [
      {
        "ClassName": "SpriteRenderer",
        "GraphicsPath": "Assets/GameAssets/Graphics/Test/简单炮塔.png"
      },
      {
        "ClassName": "MouseAim"
      }
    ]
  },
  {
    "ClassName": "Bullet",
    "DefName": "SimpleBullet",
    "FlySpeed": 10,
    "Damage": 10,
    "Comps": [
      {
        "ClassName": "SpriteRenderer",
        "GraphicsPath": "Assets/GameAssets/Graphics/Test/简单子弹.png"
      },
      {
        "ClassName": "BoxCollider2D"
      }
    ]
  }
]