[
    {
        "ClassName": "Wheel",
        "DefName": "SimpleWheel",
        "ConnAreaDef": "LRT",
        "SuspensionHeight": 0.5,
        "SuspensionAngle": 90,
        "Comps": [
            {
                "ClassName": "SpriteRenderer",
                "Pivot": {
                    "X": 0.5,
                    "Y": 0.5
                },
                "GraphicsPath": "Assets/GameAssets/Graphics/Test/2×2普通砖块.png"
            },
            {
                "ClassName": "BoxCollider2D"
            },
            {
                "ClassName": "Rigidbody2D"
            },
            {
                "ClassName": "FixedJoint2D"
            }
        ],
        "SubEntities": [
            {
                "DefName": "WheelAxle",
                "Offset": {
                    "x": 0,
                    "y": -0.5,
                    "z": 0
                }
            },
            {
                "DefName": "WheelTire",
                "Offset": {
                    "x": 0,
                    "y": -0.5,
                    "z": 0
                }
            }
        ]
    },
    {
        "ClassName": "Normal",
        "DefName": "WheelAxle",
        "Comps": [
            {
                "ClassName": "SpringJoint2D",
                "DampingRatio": 0.8,
                "Frequency": 3
            },
            {
                "ClassName": "SliderJoint2D"
            },
            {
                "ClassName": "Rigidbody2D"
            }
        ]
    },
    {
        "ClassName": "Normal",
        "DefName": "WheelTire",
        "Comps": [
            {
                "ClassName": "SpriteRenderer",
                "Pivot": {
                    "X": 0.5,
                    "Y": 0.5
                },
                "GraphicsPath": "Assets/GameAssets/Graphics/Test/3×3轮子.png"
            },
            {
                "ClassName": "CircleCollider2D"
            },
            {
                "ClassName": "WheelJoint2D"
            },
            {
                "ClassName": "Rigidbody2D"
            }
        ]
    }
]