[
    {
        "ClassName": "Part",
        "DefName": "ElecGtr",
        "ConnAreaDef": "LRTD",
        "Comps": [
            {
                "ClassName": "SpriteRenderer",
                "Pivot": {
                    "X": 0,
                    "Y": 0
                },
                "GraphicsPath": "Assets/GameAssets/Graphics/Test/发电机.png"
            },
            {
                "ClassName": "BoxCollider2D"
            },
            {
                "ClassName": "ElecGtr",
                "TimeUsage": 2,
                "ElecGen": 80,
                "fuel": {
                    "Name": "fuel",
                    "Count": 1
                }
            }
        ]
    },
    {
        "ClassName": "Part",
        "DefName": "Producter",
        "ConnAreaDef": "LRTD",
        "Comps": [
            {
                "ClassName": "SpriteRenderer",
                "Pivot": {
                    "X": 0,
                    "Y": 0
                },
                "GraphicsPath": "Assets/GameAssets/Graphics/Test/组装机.png"
            },
            {
                "ClassName": "BoxCollider2D"
            },
            {
                "ClassName": "Producter",
                "ElecUse": 10
            }
        ]
    },
    {
        "ClassName": "Part",
        "DefName": "Battery",
        "ConnAreaDef": "LRTD",
        "Comps": [
            {
                "ClassName": "SpriteRenderer",
                "Pivot": {
                    "X": 0,
                    "Y": 0
                },
                "GraphicsPath": "Assets/GameAssets/Graphics/Test/蓄电池.png"
            },
            {
                "ClassName": "BoxCollider2D"
            },
            {
                "ClassName": "Battery",
                "ElecStorage": 100000,
                "ElecGen": 3,
                "ElecUse": 10
              }
        ]
    }
]