<?xml version="1.0"?>
<Root xmlns:xsi="http://www.w3.org/2001/XMLSchema-instance" xmlns:xsd="http://www.w3.org/2001/XMLSchema">
  <Data xsi:type="ArrayOfEntity">
    <Entity xsi:type="ETPart">
      <DefName>SimplePart</DefName>
      <LocalPosition>
        <x>0</x>
        <y>0</y>
        <z>0</z>
      </LocalPosition>
      <Comps>
        <Comp xsi:type="CPSpriteRenderer">
          <GraphicsPath>Assets/GameAssets/Graphics/Test/1×1普通砖块.png</GraphicsPath>
          <Pivot>
            <x>0.5</x>
            <y>0.5</y>
          </Pivot>
        </Comp>
        <Comp xsi:type="CPBoxCollider2D" />
      </Comps>
      <LayerEnum>RVBlock</LayerEnum>
      <BlueprintMod>false</BlueprintMod>
      <Weight>0</Weight>
      <ConnAreaDef>LRTD</ConnAreaDef>
    </Entity>
    <Entity xsi:type="ETPart">
      <DefName>SimplePart2</DefName>
      <LocalPosition>
        <x>0</x>
        <y>0</y>
        <z>0</z>
      </LocalPosition>
      <Comps>
        <Comp xsi:type="CPSpriteRenderer">
          <GraphicsPath>Assets/GameAssets/Graphics/Test/2×2普通砖块.png</GraphicsPath>
          <Pivot>
            <x>0.5</x>
            <y>0.5</y>
          </Pivot>
        </Comp>
        <Comp xsi:type="CPBoxCollider2D" />
      </Comps>
      <LayerEnum>RVBlock</LayerEnum>
      <BlueprintMod>false</BlueprintMod>
      <Weight>0</Weight>
      <ConnAreaDef>LRTD</ConnAreaDef>
    </Entity>
    <Entity xsi:type="ETPart">
      <DefName>SimplePart3</DefName>
      <LocalPosition>
        <x>0</x>
        <y>0</y>
        <z>0</z>
      </LocalPosition>
      <Comps>
        <Comp xsi:type="CPSpriteRenderer">
          <GraphicsPath>Assets/GameAssets/Graphics/Test/3×3普通砖块.png</GraphicsPath>
          <Pivot>
            <x>0.5</x>
            <y>0.5</y>
          </Pivot>
        </Comp>
        <Comp xsi:type="CPBoxCollider2D" />
      </Comps>
      <LayerEnum>RVBlock</LayerEnum>
      <BlueprintMod>false</BlueprintMod>
      <Weight>0</Weight>
      <ConnAreaDef>LRTD</ConnAreaDef>
    </Entity>
    <Entity xsi:type="ETRV">
      <DefName>RV</DefName>
      <LocalPosition>
        <x>0</x>
        <y>0</y>
        <z>0</z>
      </LocalPosition>
      <Comps>
        <!--<Comp xsi:type="CPRigidbody2D" />-->
        <Comp xsi:type="CPElecSys" />
      </Comps>
    </Entity>
    <Entity xsi:type="ETPart">
      <DefName>ElecGtr</DefName>
      <LocalPosition>
        <x>0</x>
        <y>0</y>
        <z>0</z>
      </LocalPosition>
      <Comps>
        <Comp xsi:type="CPSpriteRenderer">
          <GraphicsPath>Assets/GameAssets/Graphics/Test/发电机.png</GraphicsPath>
          <Pivot>
            <x>0.5</x>
            <y>0.5</y>
          </Pivot>
        </Comp>
        <Comp xsi:type="CPBoxCollider2D" />
        <Comp xsi:type="CPElecGtr">
          <ElecUse>0</ElecUse>
          <ElecGen>80</ElecGen>
          <Closed>false</Closed>
          <Fuel>
            <Name>fuel</Name>
            <Weight>0</Weight>
            <Count>1</Count>
            <MaxCount>0</MaxCount>
          </Fuel>
          <TimeUsage>2</TimeUsage>
        </Comp>
        <Comp xsi:type="CPStorage">
          <Items />
        </Comp>
      </Comps>
      <LayerEnum>RVBlock</LayerEnum>
      <BlueprintMod>false</BlueprintMod>
      <Weight>0</Weight>
      <ConnAreaDef>LRTD</ConnAreaDef>
    </Entity>
    <Entity xsi:type="ETPart">
      <DefName>Producter</DefName>
      <LocalPosition>
        <x>0</x>
        <y>0</y>
        <z>0</z>
      </LocalPosition>
      <Comps>
        <Comp xsi:type="CPSpriteRenderer">
          <GraphicsPath>Assets/GameAssets/Graphics/Test/组装机.png</GraphicsPath>
          <Pivot>
            <x>0.5</x>
            <y>0.5</y>
          </Pivot>
        </Comp>
        <Comp xsi:type="CPBoxCollider2D" />
        <Comp xsi:type="CPProducter">
          <ElecUse>10</ElecUse>
          <ElecGen>0</ElecGen>
          <Closed>false</Closed>
          <Circulation>false</Circulation>
          <WorkSpeed>0</WorkSpeed>
        </Comp>
        <Comp xsi:type="CPStorage">
          <Items />
        </Comp>
      </Comps>
      <LayerEnum>RVBlock</LayerEnum>
      <BlueprintMod>false</BlueprintMod>
      <Weight>0</Weight>
      <ConnAreaDef>LRTD</ConnAreaDef>
    </Entity>
    <Entity xsi:type="ETPart">
      <DefName>Battery</DefName>
      <LocalPosition>
        <x>0</x>
        <y>0</y>
        <z>0</z>
      </LocalPosition>
      <Comps>
        <Comp xsi:type="CPSpriteRenderer">
          <GraphicsPath>Assets/GameAssets/Graphics/Test/蓄电池.png</GraphicsPath>
          <Pivot>
            <x>0.5</x>
            <y>0.5</y>
          </Pivot>
        </Comp>
        <Comp xsi:type="CPBoxCollider2D" />
        <Comp xsi:type="CPBattery">
          <ElecUse>10</ElecUse>
          <ElecGen>10</ElecGen>
          <Closed>false</Closed>
          <ElecStorage>100000</ElecStorage>
          <CurElecStorage>0</CurElecStorage>
        </Comp>
      </Comps>
      <LayerEnum>RVBlock</LayerEnum>
      <BlueprintMod>false</BlueprintMod>
      <Weight>0</Weight>
      <ConnAreaDef>LRTD</ConnAreaDef>
    </Entity>
    <Entity xsi:type="ETPart">
      <DefName>Chest</DefName>
      <LocalPosition>
        <x>0</x>
        <y>0</y>
        <z>0</z>
      </LocalPosition>
      <Comps>
        <Comp xsi:type="CPSpriteRenderer">
          <GraphicsPath>Assets/GameAssets/Graphics/Test/箱子.png</GraphicsPath>
          <Pivot>
            <x>0.5</x>
            <y>0.5</y>
          </Pivot>
        </Comp>
        <Comp xsi:type="CPBoxCollider2D" />
        <Comp xsi:type="CPStorage">
          <Items>
            <Item>
              <Name>wood</Name>
              <Weight>1</Weight>
              <Count>100</Count>
              <MaxCount>0</MaxCount>
            </Item>
            <Item>
              <Name>stone</Name>
              <Weight>2</Weight>
              <Count>200</Count>
              <MaxCount>0</MaxCount>
            </Item>
          </Items>
        </Comp>
      </Comps>
      <LayerEnum>RVBlock</LayerEnum>
      <BlueprintMod>false</BlueprintMod>
      <Weight>0</Weight>
      <ConnAreaDef>LRTD</ConnAreaDef>
    </Entity>
    <Entity xsi:type="ETPart">
      <DefName>LogisticsPipeline</DefName>
      <LocalPosition>
        <x>0</x>
        <y>0</y>
        <z>0</z>
      </LocalPosition>
      <Comps>
        <Comp xsi:type="CPSpriteRenderer">
          <GraphicsPath>Assets/GameAssets/Graphics/Test/物流管道.png</GraphicsPath>
          <Pivot>
            <x>0.5</x>
            <y>0.5</y>
          </Pivot>
        </Comp>
        <Comp xsi:type="CPBoxCollider2D" />
        <Comp xsi:type="CPLogisticsPipeline" />
      </Comps>
      <LayerEnum>RVBlock</LayerEnum>
      <BlueprintMod>false</BlueprintMod>
      <Weight>0</Weight>
      <ConnAreaDef>LRTD</ConnAreaDef>
    </Entity>
  </Data>
</Root>