<?xml version="1.0"?>
<Root xmlns:xsi="http://www.w3.org/2001/XMLSchema-instance" xmlns:xsd="http://www.w3.org/2001/XMLSchema">
  <Data xsi:type="ArrayOfItem">
    <Item>
      <Name>plastics</Name>
      <Weight>1</Weight>
      <Count>0</Count>
      <MaxCount>0</MaxCount>
    </Item>
    <Item>
      <Name>wood</Name>
      <Weight>1</Weight>
      <Count>0</Count>
      <MaxCount>0</MaxCount>
    </Item>
    <Item>
      <Name>stone</Name>
      <Weight>2</Weight>
      <Count>0</Count>
      <MaxCount>0</MaxCount>
    </Item>
    <Item>
      <Name>iron</Name>
      <Weight>3</Weight>
      <Count>0</Count>
      <MaxCount>0</MaxCount>
    </Item>
    <Item>
      <Name>ElecGtr</Name>
      <Weight>3</Weight>
      <Count>0</Count>
      <MaxCount>0</MaxCount>
    </Item>
    <Item>
      <Name>Producter</Name>
      <Weight>3</Weight>
      <Count>0</Count>
      <MaxCount>0</MaxCount>
    </Item>
    <Item>
      <Name>Battery</Name>
      <Weight>3</Weight>
      <Count>0</Count>
      <MaxCount>0</MaxCount>
    </Item>
    <Item>
      <Name>Chest</Name>
      <Weight>3</Weight>
      <Count>0</Count>
      <MaxCount>0</MaxCount>
    </Item>
    <Item>
      <Name>LogisticsPipeline</Name>
      <Weight>3</Weight>
      <Count>0</Count>
      <MaxCount>0</MaxCount>
    </Item>
    <Item>
      <Name>SimplePart</Name>
      <Weight>3</Weight>
      <Count>0</Count>
      <MaxCount>0</MaxCount>
    </Item>
    <Item>
      <Name>SimplePart2</Name>
      <Weight>3</Weight>
      <Count>0</Count>
      <MaxCount>0</MaxCount>
    </Item>
    <Item>
      <Name>SimplePart3</Name>
      <Weight>3</Weight>
      <Count>0</Count>
      <MaxCount>0</MaxCount>
    </Item>
    <Item>
      <Name>RV</Name>
      <Weight>3</Weight>
      <Count>0</Count>
      <MaxCount>0</MaxCount>
    </Item>
  </Data>
</Root>