<?xml version="1.0" encoding="UTF-8"?>
<!-- Produced by Beyond Compare 4 from Scooter Software -->
<BCSessions Version="1" MinVersion="1">
	<TSessionFolder>
		<Items>
			<TSessionFolder>
				<Items>
					<TDirCompareSession Value="RVITA &lt;--> Assets">
						<LastModified Value="2024-02-24 14:21:52"/>
						<Specs>
							<Left Value="C:\Users\静回\OneDrive\Projects\C#\UCB\UCB\TempTest\ConsoleApp1\CompressedFile\RVITA"/>
							<Right Value="C:\Users\静回\OneDrive\Projects\Unity\RVInTheApocalypse\RVInTheApocalypse\Assets"/>
						</Specs>
					</TDirCompareSession>
					<TDirCompareSession Value="CompressedFile &lt;--> Assets">
						<LastModified Value="2024-01-14 11:02:09"/>
						<Specs>
							<Left Value="C:\Users\静回\OneDrive\Projects\C#\UCB\UCB\TempTest\ConsoleApp1\CompressedFile"/>
							<Right Value="C:\Users\静回\OneDrive\Projects\Unity\RVInTheApocalypse\RVInTheApocalypse\Assets"/>
						</Specs>
					</TDirCompareSession>
				</Items>
			</TSessionFolder>
		</Items>
	</TSessionFolder>
</BCSessions>
