<?xml version="1.0" encoding="UTF-8"?>
<!-- Produced by Beyond Compare 4 from Scooter Software -->
<BCState Version="1" MinVersion="1">
	<TBcState>
		<FirstStartup Value="False"/>
		<FormPositions>
			<TOpSyncDialog Value="981;410;1579;970;;120"/>
			<TViewFrame Value="76;76;2252;1238;;144"/>
		</FormPositions>
	</TBcState>
	<TDirCompareState>
		<LeftMRUSpecs>
			<_0 Value="C:\Users\静回\OneDrive\Projects\C#\UCB\UCB\TempTest\ConsoleApp1\CompressedFile\RVITA"/>
			<_1 Value="C:\Users\静回\OneDrive\Projects\C#\UCB\UCB\TempTest\ConsoleApp1\CompressedFile"/>
		</LeftMRUSpecs>
		<LogHeight Value="0"/>
		<RightMRUSpecs>
			<_0 Value="C:\Users\静回\OneDrive\Projects\Unity\RVInTheApocalypse\RVInTheApocalypse\Assets"/>
		</RightMRUSpecs>
		<ShowToolbar Value="False"/>
	</TDirCompareState>
	<THomeState>
		<SessionType Value="TDirCompareSession"/>
	</THomeState>
	<TTextCompareState>
		<LeftMRUSpecs>
			<_0 Value="C:\Users\静回\OneDrive\Projects\C#\UCB\UCB\TempTest\ConsoleApp1\CompressedFile\RVITA\RVITA\UI\UIMenus\InventorySystem\UIInventory.cs"/>
			<_1 Value="C:\Users\静回\OneDrive\Projects\C#\UCB\UCB\TempTest\ConsoleApp1\CompressedFile\RVITA\RVITA\ECDefs\BuildSystem\ETPart.cs"/>
			<_2 Value="C:\Users\静回\OneDrive\Projects\C#\UCB\UCB\TempTest\ConsoleApp1\CompressedFile\RVITA\RVITA\ECDefs\BuildSystem\BuildHelper.cs"/>
			<_3 Value="C:\Users\静回\OneDrive\Projects\C#\UCB\UCB\TempTest\ConsoleApp1\CompressedFile\RVITA\RVITA\TempTest\DeviceBuildTest.cs"/>
			<_4 Value="C:\Users\静回\OneDrive\Projects\C#\UCB\UCB\TempTest\ConsoleApp1\CompressedFile\RVITA\SimpleUI\Scripts\SimpleWindow.cs"/>
			<_5 Value="C:\Users\静回\OneDrive\Projects\C#\UCB\UCB\TempTest\ConsoleApp1\CompressedFile\RVITA\RVITA\UI\UIManager.cs"/>
			<_6 Value="C:\Users\静回\OneDrive\Projects\C#\UCB\UCB\TempTest\ConsoleApp1\CompressedFile\RVITA\RVITA\ECDefs\ECDefGenerator\ECDefGenerator.cs"/>
			<_7 Value="C:\Users\静回\OneDrive\Projects\C#\UCB\UCB\TempTest\ConsoleApp1\CompressedFile\RVITA\RVITA\ECDefs\DeviceSystem\CPElecGtr.cs"/>
			<_8 Value="C:\Users\静回\OneDrive\Projects\C#\UCB\UCB\TempTest\ConsoleApp1\CompressedFile\RVITA\RVITA\ECDefs\DeviceSystem\CPDevice.cs"/>
		</LeftMRUSpecs>
		<MRUFonts>
			<_0 Value="Consolas;10"/>
		</MRUFonts>
		<RightMRUSpecs>
			<_0 Value="C:\Users\静回\OneDrive\Projects\Unity\RVInTheApocalypse\RVInTheApocalypse\Assets\RVITA\UI\UIMenus\InventorySystem\UIInventory.cs"/>
			<_1 Value="C:\Users\静回\OneDrive\Projects\Unity\RVInTheApocalypse\RVInTheApocalypse\Assets\RVITA\ECDefs\BuildSystem\ETPart.cs"/>
			<_2 Value="C:\Users\静回\OneDrive\Projects\Unity\RVInTheApocalypse\RVInTheApocalypse\Assets\RVITA\ECDefs\BuildSystem\BuildHelper.cs"/>
			<_3 Value="C:\Users\静回\OneDrive\Projects\Unity\RVInTheApocalypse\RVInTheApocalypse\Assets\RVITA\TempTest\DeviceBuildTest.cs"/>
			<_4 Value="C:\Users\静回\OneDrive\Projects\Unity\RVInTheApocalypse\RVInTheApocalypse\Assets\SimpleUI\Scripts\SimpleWindow.cs"/>
			<_5 Value="C:\Users\静回\OneDrive\Projects\Unity\RVInTheApocalypse\RVInTheApocalypse\Assets\RVITA\UI\UIGaming.meta"/>
			<_6 Value="C:\Users\静回\OneDrive\Projects\Unity\RVInTheApocalypse\RVInTheApocalypse\Assets\RVITA\UI\UIManager.cs"/>
			<_7 Value="C:\Users\静回\OneDrive\Projects\Unity\RVInTheApocalypse\RVInTheApocalypse\Assets\RVITA\ECDefs.meta"/>
			<_8 Value="C:\Users\静回\OneDrive\Projects\Unity\RVInTheApocalypse\RVInTheApocalypse\Assets\RVITA\ECDefs\ECDefGenerator\ECDefGenerator.cs"/>
		</RightMRUSpecs>
	</TTextCompareState>
</BCState>
